Code,GLOSS ID,Country,Location,Connection,DCP ID,Delay,TransmitInterval
abas,327,Japan,Abashiri,SWJP40,ABASHIRI,14',10'
abed,,UK,Aberdeen,ftp,,38',15'
abur,82,Japan,Aburatsu,SWJP40,ABURATSU,14',10'
acaj,182,El Salvador,Acajutla,SEMS40,50313520,7',5'
acap,267,Mexico,Acapulco,SEPA40,3540E15A,1755d,5'
acap2,267,Mexico,Acapulco API,SOMX10,0100D7CA,11',10'
acnj,220,USA,Atlantic City,web,3367B730,9',5'
acnj2,220,USA,Atlantic City,SXXX03,3367B730,10',5'
acor1,,Spain,A Coruña,ftp,,13',5'
acya,267,Mexico,Acapulco Club de Yates,ftp,,23h,10'
adak,302,USA,Adak,web,3360F60E,11',6'
adak2,302,USA,Adak,SXXX03,3360F60E,11',6'
aden,3,Yemen,Aden,SXXX33,3686B76A,1249d,15'
agal,,Mauritius,Agalega,SXXX32,3246B586,555d,15'
agua,,Puerto Rico,Aguadilla (Crash Boat),SXXX03,A4F01158,8h,6'
aigi,,Greece,Aigio,web,,5',1'
ajac,,France,Ajaccio,ftp,,11',5'
ajac2,,France,Ajaccio2,SZFR01,FR0300,12',6'
alac1,,Spain,Alicante1,ftp,,13',5'
alac2,,Spain,Alicante2,ftp,,13',5'
alak,,USA,Alitak,web,3363341E,8',5'
alak2,,USA,Alitak,SXXX03,3363341E,9',5'
alam,,USA,Alameda,web,3362E08C,12',5'
alam2,,USA,Alameda,SXXX03,3362E08C,1607d,5'
albo,,Spain,Alboran Island,ftp,,20d,5'
albu,,Portugal,Albufeira,bgan,ALBU,36d,1'
alcu,,Spain,Alcudia,ftp,,7',4'
aler,333,Canada,Alert,web,,2d,10'
alex,349,Egypt,Alexandria,SXXX32,2636F22C,2085d,15'
alex1,,Egypt,Alexandria,bgan,ALEX1,0',1'
alge,,Spain,Algeciras,ftp,,7',4'
alme,,Spain,Almeria,ftp,,7',4'
alme2,,Spain,Almería,ftp,,6',5'
alofi,,Niue,Alofi Niue,SZPS01,66570,6',3'
alva,,Mexico,Alvarado,ftp,,21',10'
alva2,,Mexico,Alvarado2,SOMX10,01014052,5d,1h
amal,,USA,Charlotte-Amalie,web,3364A348,11',6'
amal2,,USA,Charlotte-Amalie,SXXX03,3364A348,14',6'
amas,,Turkey,Amasra,web,,5',2'
ambon,68,Indonesia,Ambon,SZID40,06503AC6,5',6'
AN15,,Italy,Ancona,web,,5',5'
anch,,USA,Anchorage,web,3363B20A,14',5'
anch2,,USA,Anchorage,SXXX03,3363B20A,10',5'
ancu,,Chile,Ancud,SXCH40,ADC12228,9',10'
ancu2,,Chile,Ancud,web,,5',10'
ande,322,Norway,Andenes,web,,13',1h
anta,,Turkey,Antalya,web,,5',2'
anto,174,Chile,Antofagasta,SXCH40,ADC0F6BA,5',5'
anto2,174,Chile,Antofagasta,web,,3',5'
apfl,,USA,Apalachicola,web,3346C2B4,10',5'
apfl2,,USA,Apalachicola,SXXX03,3346C2B4,11',5'
apla,,USA,"Lawma, Amerada Pass, LA",web,334773C0,8',5'
apla2,,USA,"Lawma, Amerada Pass, LA",SXXX03,334773C0,9',5'
arac,,Puerto Rico,Arecibo,web,,13d,6'
aracS,,Puerto Rico,Arecibo (GTS),SXXX03,3366454E,12',6'
arca,,France,Arcachon Eyrac,ftp,,10',5'
arca2,,France,Arcachon Eyrac 2,SZFR01,FR190,5d,6'
aren,,USA,Arena Cove,web,3368115A,12',5'
aren2,,USA,Arena Cove,SXXX03,336AF75C,141d,5'
aric,,Chile,Arica,SXCH40,ADC0D056,6',5'
aric2,,Chile,Arica,web,,6',5'
arko,,Sweden,Arko,web,,53',1h
arrc,,Brasil,Arraial do Cabo,SEPO40,B5B007D4,69d,5'
arre,,Spain,Arrecife,ftp,,7',4'
arri,,Portugal,Arrifana,bgan,ARRI,1',1'
ascen,263,UK,Ascension,SXXX32,265C94AA,1184d,15'
ashd,,Israel,Ashdod Port,ftp,,1981d,1'
ashd1,,Israel,Ashdod Marina,bgan,ASHD1,496d,1'
ashk,,Oman,Ashkhara,SXOM33,18E447FC,862d,6'
askl,,Israel,Ashkelon,ftp,,1975d,1'
asro,,Nicaragua,Aserraderos,bgan,NI-asro-00,685d,1'
asto,,USA,Astoria,web,335086EE,9',5'
asto2,,USA,Astoria,SXXX03,335086EE,10',5'
atic,,Perú,Atico,SEPR40,9323727A,2264d,1h
atka,,USA,"Atka, AK",web,,6',5'
auct,127,New Zealand,Auckland,SZNZ01,AUCT,6',3'
audi,,France,Audierne,ftp,,9',5'
audi2,,France,Audierne 2,SZFR01,FR6305,9',6'
avon,,UK,Avonmouth Portbury,ftp,,38',15'
AZ42,,Italy,Anzio,web,,5',5'
BA05,,Italy,Bari,web,,5',5'
ball,,Ireland,"Ballyglass pier, Belmullet",ftp,,3',1h
balt,169,Ecuador,"Baltra,Galapagos",SEEQ40,932040EE,6',5'
bamd,,USA,Baltimore,web,336577DA,17',5'
bamd2,,USA,Baltimore,SXXX03,336577DA,14',5'
bame,,USA,Bar Harbor,web,336747B4,11',5'
bame2,,USA,Bar Harbor,SXXX03,336747B4,11',5'
bamf,,Canada,Bamfield,web,,5',10'
bang,,UK,Bangor,ftp,,38',15'
bapj,,Australia,Battery Point,SZAU01,61221,6',3'
bara,,Dominican Republic,Barahona,SXDR40,04401622,8',5'
barb,,Antigua,Barbuda,web,,495d,6'
barb2,,Antigua,Barbuda,SXXX03,334550D8,11',6'
barc,,Spain,Barcelona,ftp,,9',4'
barc2,,Spain,Port of Barcelona,SXXX33,1825C776,50d,6'
barm,,UK,Barmouth,ftp,,38',15'
barn,,Australia,Burnie Tasmania,SZAU01,60910,6',3'
bars,,Sweden,Barseback,web,,53',1h
bass,,St. Kitts & Nevis,Basseterre (Coast Guard Base),SOAT10,FA8005BC,442d,5'
batr,,Lebanon,Batroun,bgan,BATR,3d,1'
bbbc,,Canada,Bella Bella,SXAK50,CD401E4C,5',5'
bbst,221,Bermudas,Bermuda Biological Station,web,,334d,6'
bbst2,221,Bermudas,Bermuda Biological Station2,SXXX03,334032FE,334d,6'
bdto,,Panamá,Bocas Del Toro,SOPM10,F230215A,5',5'
bele,,Brasil,Belém,SEPO40,B5B01A70,10',5'
benc,,USA,Beaufort,web,3364C6AE,7',5'
benc2,,USA,Beaufort,SXXX03,3364C6AE,14',5'
beno,49,Indonesia,Benoa,SZID43,06508948,7',6'
bgct,,USA,Bridgeport,web,,11',5'
bgct2,,USA,Bridgeport,SXXX03,3372E712,16',5'
bil3,,Spain,Bilbao3,ftp,,7',4'
bitu,69,Indonesia,Bitung,SZID42,06504284,7',6'
blow,,Anguilla,Blowing Point,SOAT10,A84006AC,8',5'
blueb,,Mauritius,Blue Bay,SXXX32,22BF90A6,23',15'
bmda,221,UK,Bermuda St Georges,web,,648d,6'
bmsa,,Chile,Bahia Mansa,SXCH40,14063458,6',5'
bmsa2,,Chile,Bahia Mansa,web,,3',5'
bmsg,,Bermudas,Bermuda St. George's Cruise Pier,SOTI10,C79013E2,9',5'
bmso,,Bermudas,Bermuda Somerset,SOTI10,C7901D30,9',5'
bnjl,,Gambia,Banjul,ftp,18D497E4,1779d,1h
bodr,,Turkey,Bodrum,web,,7',2'
bodri,,Turkey,Bodrum (IDSL),bgan,BODRI,3',1'
boma,,USA,Boston,web,335E54EE,11',5'
bon2,,Spain,Bonanza2,ftp,,7',4'
bona,,Sweden,Bonan,web,,53',1h
bork,,Germany,Borkum Fischerbalje,web,,9',5'
bouc,,France,Boucau-Bayonne,ftp,,9',5'
bouc2,,France,Boucau-Bayonne 2,SZFR01,FR094,9',6'
boul,,France,Boulogne-Sur-Mer,ftp,,8',5'
boul2,,France,Boulogne-Sur-Mer 2,SZFR01,FR111,9',6'
bour,,UK,Bournemouth,ftp,,38',15'
boye,,Chile,Boyeruca,SXCH40,ADC203CA,5',5'
boye2,,Chile,Boyeruca,web,,10',5'
bozc,,Turkey,Bozcaada,bgan,BOZC,5h,1'
bozy,,Turkey,Bozyazi,web,,5',2'
bres,242,France,Brest,ftp,,10',5'
bres2,242,France,Brest2,ftp,,195d,5'
brid,,Barbados,Bridgetown Port,SOBR10,14004206,540d,1h
brof,,Sweden,Brofjorden,web,,53',1h
brom,40,Australia,Broome,SZAU01,62650,6',3'
brpt,,Hawaii,Barbers Point,SEPO40,35403732,6',5'
brsk,,Netherlands,Breskens Handelshaven,web,,13',10'
btny,,USA,Battery The,web,336670D4,11',5'
btny2,,USA,Battery The,SXXX03,336670D4,12',5'
buca,,Chile,Bucalemu,,,179d,5'
buca2,,Chile,Bucalemu,web,,1994d,5'
buca3,,Chile,Bucalemu,web,,273d,1'
bull,,Curaçao,Bullen Bay,SEPO40,3541C54C,7',5'
bupo,,Indonesia,Bungus Port,bgan,BUPO,3',1'
busa,84,Korea,Busan,ftp,,6',1'
buve,170,Colombia,Buenaventura,ftp,,9d,5'
buve2,170,Colombia,Buenaventura,SXCO41,15AA92C8,7',5'
CA02,,Italy,Cagliari,web,,5',5'
cabc,,Belize,Carrie Bow Cay,SOBH10,777022C4,935d,5'
cabo,161,Mexico,Cabo San Lucas,SEMX03,93209686,1755d,15'
cacb,,Cayman Islands,Cayman Brac,SOTI10,C790439E,8',5'
cadi,,Spain,Cadiz,bgan,CADI,5',1'
cagb,,Cayman Islands,"Grand Cayman, Gun Bay",SOTI10,C7903BDC,8',5'
cagt,,Cayman Islands,"Grand Cayman, George Town",SOTI10,C790350E,8',5'
cala,,France,Calais,ftp,,9',5'
cala2,,France,Calais 2,SZFR01,FR0055,11',6'
calc,,Cayman Islands,Little Cayman,SOTI10,C7904D4C,87d,5'
cald,,Chile,Caldera,SXCH40,ADC104C4,5',5'
cald2,,Chile,Caldera,web,,6',5'
call,173,Perú,"Callao,La-Punta",SEPO40,354165B4,8',5'
calq,,Saint Vincent & Grenadines,Calliaqua Coast Guard Base,SOVG10,53500294,3h,5'
camt,,Mexico,Lerma Campeche,ftp,,23h,10'
camu,,Puerto Rico,Caja de Muertos,SXXX03,,835d,6'
caph,,Haïti,Cap-Haïtien,SEHA10,3540C7B6,5',5'
carb,,Spain,Carboneras,ftp,,8',4'
carg,,Spain,Cartagena,bgan,CARG,5',1'
cart,207,Colombia,Cartagena,SXCO41,CB046524,8',1h
casc,246,Portugal,Cascais,socket,,1',0.0833'
cast,330,Ireland,Castletownbere,ftp,,8',1h
cbmd,,USA,Cambridge,web,3366E5B6,17',5'
cbmd2,,USA,Cambridge,SXXX03,3366E5B6,10',5'
ccar,,Mexico,"Ciudad del Cármen, Camp.",ftp,,271d,10'
cctx,,USA,"Corpus Christi, TX",web,336943DC,570d,5'
cctx2,,USA,"Corpus Christi, TX",SXXX03,336943DC,570d,5'
cdtt,,Trinidad & Tobago,Cedros Bay,SOTD10,A9C013C0,323d,1h
cedr,,Mexico,Isla de Cedros,SOMX10,C1C027F6,3111d,1h
ceib,,Honduras,La Ceiba Cabotaje Harbor,SOHO10,50C46088,60d,1h
cent,,France,Centuri,ftp,,15',5'
cent2,,France,Centuri2,SZFR01,FR0807,9',6'
ceut,249,Spain,Ceuta,web,,8h,1d
ceut1,,Spain,Ceuta,bgan,CEUT1,5',1'
CF06,,Italy,Carloforte,web,,5',5'
chab,337,Iran,Chabahar,SXXX32,366C76AC,867d,15'
char,,USA,"Charleston, OR",web,336874BC,9',5'
char2,,USA,"Charleston, OR",SXXX03,336874BC,8',5'
chat,,Saint Vincent & Grenadines,Chateaubelair,SOVG10,53500C46,8',5'
chenn,34,India,Chennai,ftp,43280,19',10'
cher,,France,Cherbourg,ftp,,15',5'
cher2,,France,Cherbourg 2,SZFR01,FR013,14',6'
chia,,Mexico,Puerto Chiapas/Madero,SOMX10,0100A15A,11h,5'
chij,103,Japan,Chichijima,SWJP40,CHICHIJIMA,14',10'
chit,,New Zealand,"Owenga, Chatham Island",SZNZ01,CHIT,6',3'
chnr,,Chile,Chañaral,SXCH40,ADC296A8,9',5'
chnr2,,Chile,Chañaral,web,,4',5'
chrl,,Trinidad & Tobago,Charlotteville,SOTD10,A9C043BC,2080d,1h
chrp,,USA,Cherry Point,web,336BB6AC,7',5'
chrp2,,USA,Cherry Point,SXXX03,336BB6AC,8',5'
chrs,47,Australia,Christmas Island,SZIO01,46290,6',3'
chst,,New Zealand,Charleston,SZNZ01,CHST,6',3'
chtt,36,Bangladesh,Chittagong,SZBW40,065079CC,5',6'
chuu,116,Micronesia,Chuuk,SZXX01,300434063442310,5',5'
CI20,,Italy,Civitavecchia,web,,5',5'
cila,291,Indonesia,Cilacap2,,ID-CILA-00,1750d,5'
cili,291,Indonesia,Cilacap,SZID49,0650FFD8,9',6'
ciut,,Spain,Ciutadella,bgan,CIUT,5',1'
clst,,Mexico,"Celestun, Yuc.",ftp,,23h,10'
cmet,,Chile,Caleta Meteoro,SXCH40,140204F8,9',15'
cmet3,,Chile,Caleta Meteoro,web,,9',15'
cmnj,,USA,Cape May,web,335D53E0,10',5'
cmnj2,,USA,Cape May,SXXX03,335D53E0,11',5'
cnme,,USA,CutlerNavalBase,web,3354305A,648d,5'
cocb,46,Australia,Cocos Island,SZIO01,46280,6',3'
coch,32,India,Cochin,ftp,43357,9',10'
cocos,,Costa Rica,Cocos Island,SEPO40,3542E4AE,8',5'
cois,,Nicaragua,Corn Island,SXXX50,22178120,44',1h
colb,33,Sri Lanka,Colombo,SXXX33,22373340,372d,15'
coli,,Chile,Coliumo,SXCH40,ADC210BC,7',5'
coli2,,Chile,Coliumo,web,,8',5'
colo,33,Sri Lanka,Colombo,SWIO40,0650018E,8',15'
como,,Comores,Comores,SXXX32,166AC436,545d,15'
conc,,France,Concarneau,ftp,,8',5'
conc2,,France,Concarneau 2,SZFR01,FR160,12',6'
cons2,,Chile,Constitucion,web,,8',5'
const,,Chile,Constitucion,SXCH40,ADC154B8,8',5'
coqu,,Chile,Coquimbo,SXCH40,ADC117B2,5',5'
coqu2,,Chile,Coquimbo,web,,6',5'
cor2,243,Spain,Acoruna,ftp,,8',4'
cord,,USA,Cordova,web,335FA690,212d,5'
cord2,,USA,Cordova,SXXX03,335FA690,9',5'
corf,,Greece,"Kerkyra, Corfu",web,,1h,1'
cori,,Nicaragua,Puerto Corinto,SXXX50,050284CA,280d,1h
corn,,Greece,Corinth,bgan,CORN,5',1'
corr,,Chile,Corral,SXCH40,14066424,9',5'
corr2,,Chile,Corral,web,,3',5'
coru,243,Spain,La Coruña,web,,5h,1d
cove,,Colombia,Coveñas,ftp,,632d,15'
cpit,,New Zealand,Castlepoint,SZNZ01,CPIT,6',3'
cpla,,USA,"Calcasieu Pass, LA",web,3368C732,11d,5'
cpla2,,USA,"Calcasieu Pass, LA",SXXX03,3368C732,16',5'
CR08,,Italy,Crotone,web,,5',5'
crbc,,Canada,Campbell River,SXAK50,CD402BD6,5',5'
cres,,USA,Crescent City,web,33622592,12',5'
cres2,,USA,Crescent City,SXXX03,33622592,13',5'
crnl,,Chile,Coronel,SXCH40,ADC1C1DA,7',5'
crnl2,,Chile,Coronel,web,,6',5'
crom,,UK,Cromer,ftp,,38',15'
csta,,Romania,Constanta,ftp,,446d,1'
csta2,,Romania,Constanta,bgan,CSTA2,530d,1'
cstr,,Chile,Castro,SXCH40,ADC1315E,9',10'
cstr2,,Chile,Castro,web,,5',10'
CT03,,Italy,Catania,web,,5',5'
cule,,USA,Culebra Is,web,335CB2E8,9d,6'
cule2,,USA,Culebra Is,SXXX03,335CB2E8,14',6'
curri,,Philippines,Currimao,SXXX33,12D7050E,20',15'
cuvie,,Australia,Cape Cuvier Wharf,SZAU01,62385,6',3'
cuxh,284,Germany,Cuxhaven,web,,9',5'
cwfl,,USA,Clearwater Beach,web,3358C142,12',5'
cwfl2,,USA,Clearwater Beach,SXXX50,3358C142,13',5'
cwme,,USA,"Cutler Farris Wharf, ME",web,33672252,11',5'
cwme2,,USA,"Cutler Farris Wharf, ME",SXXX03,33672252,10',5'
dakar,253,Sénégal,Dakar,SXXX33,360916B8,22',15'
darw,62,Australia,Darwin,SZAU01,63230,6',3'
davo,71,Philippines,Davao,SWPH41,06505F20,9',6'
deke,115,Micronesia,"Dekehtik,Pohnpei",SZPA01,67950,6',3'
delf,,Netherlands,Delfzijl,web,,13',10'
denh,,Netherlands,Den Helder,web,,-1867',10'
denis,,Seychelles,Denis Island,SXXX33,26B7620C,3374d,15'
dese,190,Argentina,Puerto Deseado,SEPO40,33912088,19',15'
desh,,France,"Deshaies, Guadeloupe",SXMF40,12A0419C,8',5'
desi,,France,"La Desirade Island, Guadeloupe",SXMF40,12A00296,2h,5'
dial,,USA,Dauphin Island,web,335752B2,586d,5'
diba,,Oman,Diba,SXOM33,18EE7334,820d,6'
diel,,France,Dielette,ftp,,8',5'
diel2,,France,Dielette 2,SZFR01,FR628,14',6'
diep,,France,Dieppe,ftp,,8',5'
diep2,,France,Dieppe 2,SZFR01,FR024,12',6'
djib,2,Djibouti,Djibouti,SXXX32,3601E29A,1495d,15'
dlpr,,UK,Deal Pier,web,,19d,0.1666'
dove,,UK,Dover,ftp,,38',15'
dpnc,219,USA,Duck Pier,web,335DD5F4,8',5'
dumo,131,Antarctica,Dumont d'Urville,ftp,,1105d,4h
dunk,,France,Dunkerque,ftp,,9',5'
dunk2,,France,Dunkerque 2,SZFR01,FR002,14',6'
duqm,,Oman,Duqm,SXOM33,18EB74F4,13',6'
durb,13,South-Africa,Durban,SXXX33,22DEB682,2583d,15'
dutc,102,USA,Dutch Hbr Unalaska,web,3360A672,6',6'
dutc2,102,USA,Dutch Hbr Unalaska,SXXX03,3360A672,13',6'
dzao,96,France,Dzaoudzi (Mayotte),ftp,,12',5'
dzao2,96,France,Dzaoudzi (Mayotte) 2,SZIO01,FR030,11',15'
e4bs,,Sweden,E4 Bron Sodertalje,web,,34d,1h
east,137,Chile,Easter,SXCH40,93202BDA,6',5'
east2,137,Chile,Easter,web,,12',5'
ebla,,USA,East Bank 1,web,3368A2D4,648d,5'
elak,,USA,Elfin Cove,web,33604580,6',5'
elak2,,USA,Elfin Cove,SXXX03,33604580,13',5'
elat,,Israel,Elat,ftp,,2629d,1'
elpo,,Panamá,El Porvenir,SEPO40,354084BC,5',5'
engg,,Indonesia,Enggano,SXXX32,,1953d,15'
ense,,Mexico,Ensenada,SOMX10,C1C0011A,2441d,1h
epme,,USA,East Port,web,3365875E,8',5'
epme2,,USA,East Port,SXXX03,3365875E,16',5'
erdek,,Turkey,Erdek,web,,5',2'
erdem,,Turkey,Erdemli,web,,1h,2'
espe,54,Australia,Esperance,SZAU01,62080,6',3'
estr,,Colombia,Puerto Estrella,ftp,,2026d,15'
euro,,Netherlands,Europlatform,web,,-1747',10'
exmt,,UK,Exmouth Marina,web,,21d,0.1666'
faja,,Puerto Rico,Fajardo,SXXX03,3366C35A,526d,5'
falk,,Sweden,Falkenberg,web,,53',1h
fbfl,,USA,Fernadina Beach,web,336782AA,8',5'
fbfl2,,USA,Fernadina Beach,SXXX03,336782AA,9',5'
fer1,,Spain,Ferrol1,ftp,,7',4'
fer2,,Spain,Ferrol2,ftp,,7',4'
ferg,60,Australia,Cape Ferguson,SZAU01,59260,6',3'
feth,,Turkey,Fethiye,bgan,FETH,218d,1'
ffcj,,Australia,Flying Fish Cove Jetty Christmas Is,SZIO01,46291,6',3'
figu,,France,La Figueirette,ftp,,10',5'
figu2,,France,La Figueirette2,SZFR01,FR0846,14',6'
fish,,UK,Fishguard,ftp,,38',15'
fmfl,,USA,Fort Myers,web,336754C2,8',5'
fmfl2,,USA,Fort Myers,SXXX03,336754C2,9',5'
fong,121,Tuvalu Islands,Fongafale,SZPS01,67440,6',3'
form,,Spain,Formentera,ftp,,7',4'
fors,,Sweden,Forsmark,web,,57',1h
fort,336,Brasil,Fortaleza,SEPO40,3542D134,8',5'
fosm,,France,Fos-sur-Mer,ftp,,6',5'
fosm2,,France,Fos-sur-Mer2,SZFR01,FR719,19',6'
fpga,289,USA,Fort Pulaski,web,335F151E,13',5'
fpga2,289,USA,Fort Pulaski,SXXX03,335F151E,14',5'
fpnt,158,USA,"Ft Point,San Fran",web,336172E0,11',5'
fpnt2,158,USA,"Ft Point,San Fran",SXXX03,336172E0,12',5'
fren,107,USA,"Tern,Fr. Frigate",SXHW11,15D58280,8',5'
frtr,,Mexico,Frontera,ftp,,23h,10'
ftfr,338,France,"Fort-de-France, Martinique",ftp,,6',5'
ftfr2,338,France,"Fort-de-France, Martinique 2",SZCA01,FR126,11',6'
fue2,,Spain,Fuerteventura,ftp,,7',4'
fuer2,,Spain,"Puerto del Rosario, Fuerteventura",ftp,,13',5'
fuka,,Japan,Fukaura,SWJP40,FUKAURA,14',10'
furu,,Sweden,Furuogrund,web,,57',1h
futu,353,France,"Leava (Futuna Island, Wallis & Futuna)",SZFW40,065219DE,5',6'
GA37,,Italy,Gaeta,web,,5',5'
gale,,Trinidad & Tobago,Galeota,SOTD10,A9C013C0,20',1h
gamb,138,France,"Rikitea (French Polynesia, Gambier, Mangareva)",SEHI40,FAA0542E,7',5'
gand,,Spain,Gandia,ftp,,7',4'
ganm,27,Maldive Islands,Gan,SXXX32,32D8A2BE,20',15'
gara,,Spain,Garachico (Tenerife),bgan,GARA,0',1'
garc,26,UK,Diego Garcia,SXXX32,18963134,17',15'
gazi,,Cyprus,Gazimagusa,,,118d,2'
gbit,,New Zealand,Great Barrier,SZNZ01,GBIT,6',3'
gcsb,,Australia,Gold Coast Sand Bypass Jetty,SZAU01,60053,6',3'
GE25,,Italy,Genova,web,,5',5'
geor,,Cayman Islands,George Town,SOGC10,1320048C,398d,5'
GI20,,Italy,Ginostra (Isola di Stromboli),web,,5',5'
gibr,248,UK,Gibraltar (tsunami),ftp,,3032d,0.167'
gibr2,248,UK,Gibraltar,SXXX33,364026A2,93d,15'
gibr3,248,UK,Gibraltar,SXXX33,1852F574,10',6'
gij2,,Spain,Gijon,ftp,,4',4'
gila,,USA,"Grand Isle, LA",web,335DA364,9',5'
girn,,Cyprus,Girne,,,118d,2'
gist,,New Zealand,Gisborne,SZNZ01,GIST,6',3'
goag,,Sweden,Goteborg Agnesberg,web,,53',1h
goer,,Sweden,Goteborg Eriksberg,web,,53',1h
gokc,,Turkey,Gokceada,web,,5',2'
gokr,,Sweden,Goteborg Krossholmen,web,,56',1h
goti,,Sweden,Goteborg Tingstadstunneln,web,,53',1h
goto,233,Sweden,Goteborg Torshamnen,web,,55',1h
goug,,UK,Gough Island,SXXX32,18D74682,896d,15'
gpab,,Australia,Geraldton,SZAU01,62290,6',3'
gptx,217,USA,Galveston Pier,web,336AB456,46d,5'
greg,,Chile,Bahia Gregorio,SXCH40,ADC1B74A,5',5'
greg2,,Chile,Bahia Gregorio,web,,11',5'
groo,,Australia,Groote Eylandt,SZAU01,63511,6',3'
gtdpr,,Puerto Rico,"Guayanilla, Puerto Rico",SXXX03,A4F00CFC,38',6'
guam,149,USA,Guam (Apra Harbor),web,,11',6'
gvd9,,Greece,Gavdos,bgan,GR-GVD9-00,2246d,6'
gwda,295,Pakistan,Gwadar,SXXX33,1851B170,11',15'
hade,80,Israel,Hadera,ftp,,1382d,1'
hade2,,Israel,Hadera Port,bgan,HADE2,528d,1'
haif,,Israel,Haifa,bgan,HAIF,162d,1'
hain,,Myanmar,Haing Gyi Kyun,SZBM45,48000,360d,6'
hako,88,Japan,Hakodate,SWJP40,HAKODATE,14',10'
hali,222,Canada,Halifax,ftp,,2661d,6h
halm,,Sweden,Halmstad,web,,53',1h
hamb,,Sri Lanka,Hambantota,email,,3799d,5'
hana,,Japan,Hanasaki,SWJP40,HANASAKI,14',10'
hani,,Maldive Islands,Hanimadhoo,SXXX32,26CB10AC,22',15'
harl,,Netherlands,Harlingen,web,,-1177',10'
harv,,USA,"Oil Platform Harvest, CA",web,,23',6'
harw,,UK,Harwich,ftp,,38',15'
hasp,,UK,Hastings Pier,web,,1',0.1666'
hbay,,UK,Herne Bay,web,,10d,0.1666'
helg,,Germany,Helgoland Binnenhafen,web,,9',5'
hels,,Sweden,Helsingborg,web,,53',1h
hens,,Canada,Henslung Cove,web,,5',10'
herb,,France,L'Herbaudière,ftp,,12',5'
herb2,,France,L'Herbaudière 2,SZFR01,FR198,12',6'
heys,,UK,Heysham,ftp,,38',15'
hie2,,Spain,ElHierro,ftp,,7',4'
hien,,France,Hienghene (New Caledonia),SZNC42,xxxxxxx,5',6'
hill,,Australia,Hillarys Harbor,SZAU01,62237,6',3'
hilo,287,USA,"Hilo,Hawaii",web,,10',6'
hilo2,287,USA,"Hilo, Hawaii",SXXX03,334934A2,10',6'
hink,,UK,Hinkley Point,ftp,,38',15'
hirt,,Denmark,Hirtshals,ftp,,13',10'
hiva,,France,"Hiva Oa (Marquesas, French Polynesia)",SEHI40,9322451A,6',15'
hmda,326,Japan,Hamada,SWJP40,HAMADA,14',10'
hoek,,Netherlands,Hoek van Holland,web,,-2717',10'
holm,,Sweden,Holmsund,web,,53',1h
holy,,UK,Holyhead (tsunami),socket,,1153d,1'
holy2,,UK,Holyhead2,ftp,,38',15'
honn,,Norway,Honningsvåg,web,,23',1h
hono,108,USA,"Honolulu,Oahu",web,,12',6'
hono2,108,USA,"Honolulu, Oahu",SXXX03,3351410A,12',6'
horn,,Germany,Hörnum,web,,9',5'
hrak,,Greece,Hrakleio,web,,5',1'
htst,,Hawaii,Hawaii - TEST,bgan,ID-HTST-00,2400d,5'
huahi,,France,"Huahine island (Society Islands, French Polynesia)",SEHI40,B1F0371A,4',15'
huas2,,Chile,Huasco,web,,3',5'
huas3,,Chile,Huasco,web,,9',5'
huat,,Mexico,Huatulco,SOMX10,01010358,12',30'
huat2,,Mexico,Huatulco,ftp,,23',15'
huel,,Spain,Huelva5,ftp,,7',4'
iaix,,France,Ile d'Aix,ftp,,14',5'
ibiz,,Spain,Ibiza2,ftp,,7',4'
iclr,,Mexico,Isla Clarion,SOMX10,FB03E75A,2h,1h
iera,,Greece,Ierapetra,web,,6',1'
igne,,Turkey,Igneada,web,,6',2'
iler,,France,"Ile Royale, Kourou, French Guiana",ftp,,8d,5'
iler2,,France,"Ile Royale, Kourou, French Guiana 2",SZCA01,FR749,13',6'
ilfa,,UK,Ilfracombe,ftp,,38',15'
IM01,,Italy,Imperia,web,,5',5'
im02,,Italy,Imperia 2,bgan,IM02,5',1'
im02a,,Italy,Imperia,bgan,IM02A,1646d,0.0833'
imbi,,Brasil,Imbituba,ftp,,24',15'
imbt,,Brasil,Imbituba2,SEPO40,B5B02138,9',5'
immi,,UK,Immingham,ftp,,38',15'
imuj,,Mexico,"Isla Mujeres, Q. R.",ftp,,-119',10'
imuj2,,Mexico,Isla Mujeres2,SOMX10,0101E0AA,9',30'
inav,,Colombia,Isla Naval,SXCO41,15A05856,19',15'
inav2,,Colombia,Isla Naval,ftp,,9d,5'
inha,10,Moçambique,Inhambane,SXXX32,229C0324,2787d,15'
iqui,,Chile,Iquique,SXCH40,ADC1F440,5',5'
iqui2,,Chile,Iquique,web,,11',5'
isab,,Puerto Rico,Isabel Segunda,SXXX03,3366D02C,205d,6'
ishig,,Japan,Ishigakijima,SWJP40,ISHIGAKIJIMA,14',10'
iske,,Turkey,Iskenderun,web,,5',2'
ista,,Turkey,Istanbul,web,,8',2'
IT45,,Italy,Isole Tremiti,web,,5',5'
itea,,Greece,Itea,web,,5',1'
jaca,,Haïti,Jacmel,SEHA10,49A014F4,1904d,5'
jack,,New Zealand,Jackson Bay,SZPS01,65180,6',6'
jask,,Iran,Jask,SXXX32,16F152DA,589d,15'
jask2,,Iran,Jask2,ftp,,1335d,8h
jers,,UK,Jersey,ftp,,38',15'
john,109,USA,Johnston,SXHW11,15D142A4,6',5'
jrmi,,Haïti,Jeremie,SEHA10,49A01A26,7',5'
juan,176,Chile,Juan Fernandez,SXCH40,ADC0B5B0,6',5'
juan2,176,Chile,Juan Fernandez,web,,12',5'
jute,,Sweden,Juten,web,,53',1h
kaci,,Ukraina,Kaciveli,ftp,,3683d,1'
kahu,,USA,"Kahului, Maui",web,,12',6'
kahu2,,USA,"Kahului, Maui",SXXX03,33518414,12',6'
kait,,New Zealand,Kaikoura,SZNZ01,KAIT,6',3'
kaka,,Sweden,Kalix Karlsborg,web,,53',1h
kala,,Greece,Kalamata,ftp,,8',3'
kalit,,Sweden,Kalix Storon,web,,53',1h
kalm,,Sweden,Kalmar,web,,57',1h
kalt,,Greece,Kalathos,web,,1057d,1'
kant,145,Kiribati,Kanton,SEPA40,354305A6,8',15'
kapi,117,Micronesia,Kapingamarangi,SEPA40,3541D63A,9',5'
kaps,,Greece,Kapsali,bgan,KAPS,1544d,1'
kara,30,Pakistan,Karachi,SXXX33,120D7136,17',15'
karl,,Sweden,Karlshamn,web,,56',1h
kast,,Greece,Kasteli,SXXX33,16A5E02C,1949d,15'
kata,,Greece,Katakolo,ftp,,1h,3'
kaum,,USA,"Kaumalapau, Hawaii",SEPO40,3542C242,1507d,5'
kawa,,USA,"Kawaihae, Hawaii",web,,9',6'
kawa2,,USA,"Kawaihae, Hawaii",SXXX03,335FC376,9',6'
keba,,Pakistan,Keti Bandar,SXXX32,32CC9580,401d,15'
kepo,187,UK,King Edward Point,ftp,,811d,1h
kepo1,187,UK,King Edward Point,SEMS40,6B002B74,7',15'
kerg,23,France,Kerguelen Island,ftp,,7h,4h
kerg2,23,France,Kerguelen Island,SZIO01,FR023,13',15'
khol,,Russia,Kholmsk,web,,2135d,10'
kiel,,Germany,LT Kiel,web,,9',5'
kinl,,UK,Kinlochbervie,ftp,,38',15'
kis1,,Ireland,Kish Bank Lighthouse,ftp,,2420d,1h
kjni,,Norfolk Island,Kingston Jetty Norfolk,SZPA01,57700,6',3'
klag,,Sweden,Klagshamn,web,,56',1h
kodi,,USA,"Kodiak Island, AK",web,33626698,187d,5'
kodi2,,USA,"Kodiak Island, AK",SXXX03,3341730E,12',6'
koli,,Indonesia,"Kolinamil, Jakarta Port",SZID52,,6',15'
koli2,,Indonesia,"Kolinamil 2, Jakarta Port",ftp,,2h,8h
komi,,Thailand,Ko Miang,SXXX32,3285238E,5608d,15'
koro,,Greece,Koroni,bgan,KORO,1485d,1'
kors,,Russia,Korsakov,web,,1513d,10'
kos1,,Greece,Kos,bgan,KOS1,88d,1'
kos2,,Greece,Kos Marina,bgan,KOS2,454d,1'
kota,42,Thailand,Ko Taphao Noi,SZTH40,0650879A,3198d,6'
kril,,Russia,Cape Kril'on,web,,199d,10'
krna,,Sri Lanka,Kirinda,SXXX33,22738628,3624d,15'
kung,,Sweden,Kungsholmsfort,web,,53',1h
kungr,,Sweden,Kungsvik,web,,53',1h
kuri,,Russia,Kuril'sk,web,,403d,10'
kush,89,Japan,Kushiro,SWJP40,KUSHIRO,14',10'
kusm,85,Japan,Kushimoto,SWJP40,KUSHIMOTO,14',10'
kwaj,111,Marshall Islands,Kwajalein,web,3362A386,10',6'
kwaj2,111,Marshall Islands,Kwajalein,SXXX03,3362A386,10',6'
kwfl,216,USA,Key West,web,336717C8,7',5'
kwfl2,216,USA,Key West,SXXX03,3349124E,2017d,5'
kypa,,Greece,Kyparissia,web,,148d,1'
LA23,,Italy,Lampedusa,web,,5',5'
LA38,,Italy,La Spezia,web,,5',5'
lago,,Spain,LaGomera,ftp,,8',4'
lagos,259,Nigeria,Lagos,SXXX33,1654F3B4,2846d,15'
lajo,159,USA,La Jolla,web,3361F4F4,17',5'
lajo2,159,USA,La Jolla,SXXX03,3361F4F4,16',5'
lalb,,El Salvador,La Libertad,SOES10,5030C75E,6',5'
lali,172,Ecuador,La Libertad,SEPO40,3540B126,5',5'
lame,,USA,LameshurBayStJohnVI,web,335D10EA,8',6'
lame2,,USA,LameshurBayStJohnVI,SXXX03,335D10EA,14',6'
lamu,,Kenya,Lamu,SXXX33,16287190,1h,15'
land,,Sweden,Landsort Norra,web,,53',1h
lang,,Spain,Langosteira,ftp,,7',4'
lank,,Malaysia,Langkawi,SZMS40,06509A3E,9',6'
lapa,,Spain,LaPalma,ftp,,7',4'
larn,,Cyprus,Larnaca,ftp,,2308d,0.5'
larp,,France,La Rochelle-Pallice,ftp,,14',5'
larp2,,France,La Rochelle-Pallice 2,SZFR01,FR034,11',6'
laru2,339,Seychelles,Pt.LaRue,SXXX32,12FD90D0,11',6'
lasp,251,Spain,LasPalmas2,ftp,,7',4'
lata,,Solomon Islands,Lata Wharf,SZPS01,57131,6',3'
laun,,El Salvador,La Union,SEMS40,3354C0DE,14',15'
laza,,Mexico,Lázaro Cárdenas,ftp,,20',10'
laza2,,Mexico,Lázaro Cárdenas2,SOMX10,0101102E,12',30'
lcst,,Italy,Le Castella,bgan,LCST,1083d,1'
lebu,,Chile,Lebu,SXCH40,ADC16122,9',5'
lebu2,,Chile,Lebu,web,,3',5'
leco,,France,Le Conquet,ftp,,8',5'
leco2,,France,Le Conquet 2,SZFR01,FR152,16',6'
lecy,,France,Le Crouesty,ftp,,10',5'
lega,72,Philippines,Legaspi,SWPA42,06501C2A,5',6'
leha,,France,Le Havre,ftp,,18',5'
leha2,,France,Le Havre 2,SZFR01,FR004,12',6'
leit,,UK,Leith,ftp,,38',15'
lemba,,Indonesia,Lembar,SZID44,0650A176,70d,6'
lena,,Vanuatu,"Lenakel, Tanna",SZNV41,91566,325d,6'
lero,,Martinique,Le Robert,SOMR10,12A052EA,8',5'
lerw,236,UK,Lerwick (tsunami),socket,,1520d,0.1667'
lerw2,236,UK,Lerwick2,ftp,,38',15'
leso,,France,Les Sables d'Olonne,ftp,,8',5'
leso2,,France,Les Sables d'Olonne 2,SZFR01,FR062,9',6'
levu,,Fiji Islands,Lautoka,SZPS01,67070,6',3'
lgos,,Portugal,Lagos,socket,,1',0.0833'
LI11,,Italy,Livorno,web,,5',5'
lifo,,France,Lifou,SZNC40,0652047A,5',6'
lime,,USA,Limetree,web,3364B03E,6',6'
lime2,,USA,Limetree,SXXX03,3364B03E,12',6'
limon,,Costa Rica,Limon,SEPO40,354011DE,125d,5'
lirf,,Australia,Lihou Reef,SZPA01,57829,6',3'
litz,,Vanuatu,"Litzlitz, Malekula",SZNV40,91556,5h,6'
live,,UK,Liverpool,ftp,,38',15'
ljus,,Sweden,Ljusne Orrskarskajen,web,,53',1h
llan,,UK,Llandudno,ftp,,38',15'
lmma,,Spain,La Mola de Mahon,bgan,LMMA,4',1'
lomb,331,Papua New Guinea,Lombrum Manus Is,SZPS01,56130,6',3'
losa,,USA,Los Angeles,web,3360068A,8',6'
losa2,,USA,Los Angeles,SXXX03,3360068A,8',6'
losu,,Costa Rica,Los Sueños,SOCS10,506203F6,1653d,5'
lott,,New Zealand,East Cape,SZNZ01,LOTT,6',3'
lowe,,UK,Lowestoft,ftp,,38',15'
lpaz,,Mexico,La Paz,ftp,,2353d,10'
lpaz2,,Mexico,La Paz2,SOMX10,0101D530,9',15'
lpbc,,Canada,Langara Point BC (Henslung Cove),SXAK50,15C396A6,8',5'
lton,,Mexico,Loreto,SOMX10,C1C0126C,2763d,1h
luba,,Philippines,Lubang,SXXX33,221F4098,19',15'
luga,,Vanuatu,Luganville,SZPS01,57210,6',6'
lund,,Sweden,Lunde,web,,53',1h
lymg,,UK,Lymington,web,,1',0.1666'
made,,Mexico,"Puerto Madero, Chis.",ftp,,20',10'
madry,191,Argentina,Puerto Madryn,SEPO40,335665D2,19',15'
maer,,Turkey,Marmara Ereglisi,web,,6',2'
magi,,USA,Magueyes Island,web,3364E042,7',6'
magi2,,USA,Magueyes Island,SXXX03,3364E042,13',6'
maha,,Sweden,Malmo Hamn,web,,53',1h
maho,,Spain,Mahon,ftp,,8',4'
mais,20,South-Africa,Marion Island,SXXX32,16AF741C,13',15'
mais2,,South-Africa,Marion Island,ftp,,827d,8h
maji,,Oman,Majis,SXOM33,180D62C6,11',6'
maju,,Indonesia,Marina Jambu,bgan,MAJU,3',1'
maka,,Hawaii,"Makai Pier, Waimanalo, Hawaii",SEPO40,354002A8,7',5'
make,354,Polynésie Française,"Makemo (Polynésie française, Tuamotu)",SEHI40,FAA04758,11',1h
mal3,,Spain,Malaga,ftp,,7',4'
mala,120,Palau Islands,Malakal,SWPA40,xxxxxxxx,9',6'
male,28,Maldive Islands,Male,SXXX32,16289262,23',15'
malh,239,UK,Malin Head,web,,28',15'
mali,239,Ireland,Malin Head Peninsular,ftp,,57d,1h
malk,,Russia,Malokuril’skoe,web,,3166d,10'
malo,,Norway,Måløy,web,,23',1h
malp,,Colombia,Malpelo,ftp,,628d,15'
malp2,,Colombia,Malpelo,SXCO41,15AAB424,1d,5'
malt,,Malta,Malta,bgan,MALT,149d,1'
mang,,Romania,Mangalia,bgan,MANG,137d,1'
mani,73,Philippines,Manila,SWPH40,xxxxxxxx,7',6'
manz,163,Mexico,Manzanillo,SEPA40,3541502E,1755d,5'
mard,,Sweden,Marstrand,web,,55',1h
mare,,France,"Maré (New Caledonia, Loyalty Islands)",SZNC41,06520AA8,4',6'
mari,,Spain,Marin,ftp,,7',4'
marm,281,India,Marmagao,ftp,43195,15',10'
mars,205,France,Marseille,ftp,,8',5'
marsh,112,Marshall Islands,Majuro,SZPA01,67680,6',3'
masi,,Oman,Masirah,SXXX33,16288114,655d,6'
mata,,Perú,Matarani,SEPO40,354176C2,8',5'
matel,,Italy,Marina di Teulada,bgan,MATEL,4',1'
maya,,Puerto Rico,Mayaguez,SXXX03,336633DE,12',6'
maza,,Mexico,Mazatlán,ftp,,30',10'
maza2,,Mexico,Mazatlán2,SOMX10,010125B4,52',1h
MC41,,Italy,Marina Di Campo,web,,5',5'
ME13,,Italy,Messina,web,,5',5'
meji,,Chile,Mejillones,SXCH40,01032040,8',5'
meji2,,Chile,Mejillones,web,,9',5'
meli,,Spain,Melilla,ftp,,8',4'
ment,,Turkey,Mentes,web,,6',2'
mera,86,Japan,Mera,SWJP40,MERA,14',10'
meul,,Indonesia,Meulaboh,SXXX33,1205E0F2,1681d,15'
meul2,,Indonesia,Meulaboh,ftp,,1901d,8h
mhav,,UK,Milford Haven,ftp,,53',15'
midx,106,USA,Midway,web,3363A17C,9',6'
midx2,106,USA,Midway,SXXX03,3363A17C,14d,6'
mill,,UK,Millport,ftp,,38',15'
mimz,,France,Mimizan,ftp,,9',5'
mimz2,,France,Mimizan 2,SZFR01,FR0614,11',6'
mind,,Cabo Verde,Mindelo,ftp,1841B6EE,2147d,15'
mini,29,India,Minicoy,ftp,43370,12',10'
mins,104,Japan,Minami-Tori-Shima,SWJP40,MINAMITORISHIMA,14',10'
mnkt,,New Zealand,Manukau,SZNZ01,MNKT,6',3'
mnza,,Mexico,Manzanillo,SOMX10,0101854C,51',1h
moku,,USA,"Mokuoloe,Oahu",SXHI03,3341E66C,12',6'
momb,8,Kenya,Mombasa,SXXX33,22ADF72A,8',15'
mona,,USA,Mona Island,web,3365E2B8,10',6'
mona2,,USA,Mona Island,SXXX03,3365E2B8,10',6'
monc,,Monaco,"Monaco, Fontvieille harbour",ftp,,10',5'
monc2,,Monaco,"Monaco2, Fontvieille harbour",SZFR01,FR022,14',6'
mont,,USA,Monterey,web,33630184,10',6'
mont2,,USA,Monterey,SXXX03,33630184,10',6'
mony,,USA,"Montauk, NY",web,33401412,7',5'
mony2,,USA,"Montauk, NY",SXXX03,33401412,8',5'
motr,,Spain,Motril2,ftp,,7',4'
moul,141,Myanmar,Moulmein,SZBM40,0650AFA4,539d,6'
mrig,,Dominica island,Marigot,SODO10,D6700DEA,1498d,5'
mrms,,Turkey,Marmaris,web,,6',2'
ms001,,Malaysia,"Porto Malai, Langkawi",SZMS01,MS001,3',1'
ms002,,Malaysia,"Kerachut, Penang",SZMS01,MS002,18h,1'
ms003,,Malaysia,Pulau Perak,SZMS01,MS003,2415d,1'
ms004,,Malaysia,Pulau Perhentian,SZMS01,MS004,22d,1'
ms005,,Malaysia,"Kudat, Sabah",SZMS01,MS005,3',1'
ms006,,Malaysia,"Lahad Datu, Sabah",SZMS01,MS006,4',1'
mtwa,9,Tanzania,Mtwara,SXXX33,26313506,595d,15'
mumb,,UK,Mumbles,ftp,,38',15'
murc2,,Spain,Murcia,ftp,,5d,5'
mus2,,Oman,Muscat (BGAN),bgan,OM-MUSC-00,331d,5'
musc,,Oman,Muscat,SXOM33,262D700E,21',15'
NA23,,Italy,Napoli,web,,5',5'
naga,83,Japan,Nagasaki,SWJP40,NAGASAKI,14',10'
naha,81,Japan,Naha,SWJP40,NAHA,14',10'
naho,,Russia,Nahodka,web,,24',10'
nain,224,Canada,Nain,web,,5',10'
nanc,,India,Nancowry,ftp,43383,25',10'
nans,,China,Nansha,SZCI01,11756,1840d,5'
napt,,New Zealand,Port Napier,SZNZ01,NAPT,6',3'
nauu,,Nauru,Nauru,SZPS01,67640,6',6'
nawi,,USA,"Nawiliwili, Kauai",web,,9',1'
nawi2,,USA,"Nawiliwili, Kauai",SXXX03,3350E308,2308d,1'
nbrt,,New Zealand,"New Brighton Pier, Christchurch",SZNZ01,NBRT,6',3'
ncpt,,New Zealand,North Cape,SZNZ01,NCPT,6',3'
neve,,Russia,Nevel'sk,web,,1968d,10'
newl,241,UK,Newlyn (tsunami),ftp,,3948d,0.1667'
newl2,241,UK,Newlyn2,ftp,,38',15'
nhav,,UK,Newhaven,ftp,,38',15'
nhte,,Chile,Nehuentue,SXCH40,ADC240C0,7',5'
nice,,France,Nice,ftp,,10',5'
nice2,,France,Nice2,SZFR01,FR0339,14',6'
niue,,Niue,Niue,SEPO40,9322B59E,3825d,1h
nkfa,125,Tonga Island,Nukualofa,SZPS01,66600,6',3'
nkfa2,125,Tonga Island,Nuku'Alofa Harbour wharf,SZPS01,66602,6',3'
nksk,,Russia,Nikol'skoe,web,,24',10'
noct,,Mauritania,Nouakchott,SXXX33,366E2324,23',15'
nome,74,USA,Nome,web,,17',6'
nome2,74,USA,Nome,SXXX03,336AA720,1116d,6'
noto,,Japan,Noto,SWJP40,NOTO,14',10'
noua,,Mauritania,Nouadhibou,ftp,18ABD7D0,1356d,1h
npor,,UK,Newport,ftp,,38',15'
nshi,,UK,North Shields,ftp,,38',15'
nspi,,USA,"North Spit, Humboldt",web,336837B6,8',6'
nspi2,,USA,"North Spit, Humboldt",SXXX03,3354D3A8,8',6'
ntue,,Chile,Nehuentue,SXCH40,ADC240C0,7',5'
ntue2,,Chile,Nehuentue,web,,9',5'
nuku,142,France,"Nuku Hiva (Marquesas, French Polynesia)",SEPO40,3540D4C0,7',5'
numbo,123,France,Nouméa - Numbo (New Caledonia),ftp,,1d,5'
nuuk,225,Denmark,Nuuk harbor,ftp,,9',5'
nyal,345,Norway,Ny Ålesund,web,,33',1h
nyna,,Sweden,Nynas Fiskehamn,web,,53',1h
ofun,87,Japan,Ofunato,SWJP40,OFUNATO,14',10'
ohig,,Antarctica,Base O'Higgins,SXCH40,ADC008EC,31d,5'
ohig3,,Chile,Base O'Higgins (ANTARCTICA),web,,9',5'
olan,,Sweden,Olands norra udde,web,,57',1h
omae,,Japan,Omaezaki,SWJP40,OMAEZAKI,14',10'
onsa,,Sweden,Onsala,web,,53',1h
OR24,,Italy,Ortona,web,,5',5'
oran,,Aruba,Oranjestad,SONU10,AA300044,375d,5'
orma,,Pakistan,Ormara,SXXX32,262AD2C2,19',15'
oska,,Sweden,Oskarshamn,web,,53',1h
oste,,Belgium,Ostend,ftp,,5h,15'
OT15,,Italy,Otranto,web,,5',5'
otat,,New Zealand,Dunedin,SZNZ01,OTAT,6',3'
ouin,,France,"Ouinne, New Caledonia",SZNC43,06522C44,8',6'
ouis,,France,Ouistreham,ftp,,10',5'
ouis2,,France,Ouistreham 2,SZFR01,FR311,12',6'
ouve,,France,Ouvea,SZNC45,06523F32,4',6'
oxel,,Sweden,Oxelosund Vinterklasen,web,,53',1h
PA07,,Italy,Palermo,web,,5',5'
pada,45,Indonesia,Padang,SZID50,06510374,49d,6'
padn,45,Indonesia,Padang2,bgan,ID-PADN-00,2208d,5'
pagb,,USA,"Pago Bay, Guam",web,,11',6'
pagi,,Chile,Puerto Aguirre,SXCH40,ADC0063E,5',5'
pagi2,,Chile,Puerto Aguire,web,,9',10'
pago,144,Samoa,Pago Pago,web,336015FC,9',6'
pago2,144,Samoa,Pago Pago,SXXX03,336015FC,1416d,6'
pagx,144,Samoa,Pago Pago,SXXX03,336312F2,814d,6'
palb,,Canada,Port Alberni,SXAK50,15C3B04A,3',5'
pale,,Greece,Paleochora,bgan,PALE,1541d,1'
palm,,Spain,PalmadeMallorca,ftp,,8',4'
palm1,329,Cabo Verde,Palmeira,SXXX33,26D6F7A6,8',15'
pana,,Indonesia,Pangandaran,SXXX33,22F96330,1050d,15'
pand,,Indonesia,Pandangaran,bgan,PAND,18d,1'
pano,,Greece,Panormos,bgan,PANO,4',1'
pant,,Italy,Pantelleria,bgan,PANT,566d,1'
papa,,Costa Rica,Papagayo Marina,SOCS10,5062538A,2000d,5'
pape,140,France,"Papeete (Tahiti, French Polynesia)",SEPO40,3341D3F6,7',5'
pape2,,Polynésie Française,"Papeete (Tahiti, Fare Ute, Shom)",SEHI40,FAA031C8,15',15'
papho,,Cyprus,Paphos,ftp,,1793d,1'
papo,,Chile,Paposo,SXCH40,ADC285DE,6',5'
papo2,,Chile,Paposo,web,,9',5'
para,,Cyprus,Paralimni,ftp,,2056d,0.5'
parh,,Antigua,"Parham (Camp Blizard), Antigua",SOAT10,14022214,383d,1h
pata,,Chile,Patache,SXCH40,ADC22526,7',5'
pata2,,Chile,Patache,web,,8',5'
pbil,,Nicaragua,Puerto Bilwi,bgan,NI-pbil-00,672d,1'
pblu,,Nicaragua,Puerto El Bluff,bgan,NI-pblu-00,705d,1'
pcha,,Chile,Puerto Chacabuco,SXCH40,1403B58C,9',10'
pcha2,,Chile,Puerto Chacabuco,web,,10',10'
pcoi,,Nicaragua,Muelle de Corn Island,bgan,NI-pcoi-00,545d,1'
pcor,,Honduras,Puerto Cortes,SOHO10,50C44664,539d,1h
pcrt,,Nicaragua,Puerto Corinto,bgan,NI-pcrt-00,245d,1'
pdas,245,Portugal,Ponta Delgada Azor,SEPO40,354271CC,8',5'
PE09,,Italy,Porto empedocle,web,,5',5'
pedn,,Chile,Puerto Eden,SXCH40,1400B282,14',15'
pedn2,,Chile,Puerto Eden,web,,10',15'
peir,,Greece,Peiraias,ftp,,8',3'
pemba,11,Moçambique,Pemba,SXXX32,321A253A,2987d,15'
penr,143,Cook Islands,Penrhyn,SEPO40,3541A0AA,7',5'
petr,93,Russia,Petropavlovsk,web,,54',10'
phbc,,Canada,Port Hardy,SXAK50,CD4038A0,5',5'
phcp,,Australia,Port Hedland,SZAU01,62585,6',3'
pich,,Chile,Pichidangui,SXCH40,35402444,8',5'
pich2,,Chile,Pichidangui,web,,4',5'
pich3,,Chile,Pichidangui,web,,1108d,2'
pisa,,Chile,Pisagua,SXCH40,ADC17254,7',5'
pisa2,,Chile,Pisagua,web,,8',5'
pkem,,Australia,Port Kembla,SZAU01,60420,6',3'
PL14,,Italy,Palinuro,web,,5',5'
plat,192,Argentina,Mar Del Plata,SXXX50,3542B4D2,4757d,1h
plat2,192,Argentina,Mar del Plata,SEPO40,3542B4D2,19',15'
plmy,,USA,Palmyra Island,SEPO40,3541E3A0,10',5'
plom,,Greece,Plomari,bgan,PLOM,126d,1'
pluz,251,Spain,Puerto de la Luz,web,,1d,1d
plym,,UK,Plymouth,ftp,,38',15'
pmel,,Chile,Puerto Melinka,SXCH40,14000FDE,15h,5'
pmel2,,Chile,Puerto Melinka,web,,15h,5'
pmon,178,Chile,Puerto Montt,SXCH40,140642C8,19',15'
pmon2,178,Chile,Puerto Montt,web,,10',15'
pmur,,Australia,PtMurat,SZAU01,62430,6',10'
pnfl,288,USA,Pensacola,web,33A02AD0,11',5'
pnfl2,288,USA,Pensacola,SXXX03,33A02AD0,10',5'
pntn,261,Congo,Pointe Noire,SXXX32,26A63714,1073d,15'
PO40,,Italy,Ponza,web,,5',5'
pobe,,Belize,Port of Belize,SOBH10,6B001EEE,429d,5'
porl,55,Australia,Portland,SZAU01,61410,6',3'
poro,,Russia,Poronajsk,web,,2135d,10'
porp,,UK,Portpatrick,ftp,,38',15'
pors,,Australia,Port Stanavac,SZAU01,61583,4165d,3'
port,,France,Port-Bloc,ftp,,10',5'
port2,,France,Port-Bloc2,SZFR01,FR015,11',6'
posa,,Portugal,Porto Santo,bgan,POSA,168d,1'
posi,,Russia,Pos'et,web,,24',10'
pots,,Nicaragua,Puerto Potosi,bgan,NI-pots-00,576d,1'
ppcp,,Italy,Portopalo di Capo Passero,bgan,PPCP,514d,1'
prai,,Cabo Verde,Praia,ftp,18F7C178,1387d,1h
prat,189,Antarctica,Antarctica Base Prat,SXCH40,ADC191A6,21',5'
prat3,189,Chile,Antarctica Base Prat,web,,8',5'
prba,,Guatemala,Puerto Barrios,SOGU40,96500162,10',5'
prec,,Martinique,Le Prêcheur,SOMR10,12A011E0,6',5'
preo,,Russia,Preobrazheniye,web,,23',10'
prev,,Greece,Preveza,bgan,PREV,3',1'
prgi,,Indonesia,Prigi2,bgan,ID-PRIG-00,2122d,5'
pric,,Grenada,"Prickly Bay, Grenada",SEPO40,3541B3DC,12',5'
prig,,Indonesia,Prigi,SZID48,0650F10A,108d,6'
prin,155,Canada,Prince Rupert,ftp,,573d,6h
prin2,155,Canada,Prince Rupert,web,,5',10'
prog,213,Mexico,"Progreso, Yuc",ftp,,890d,15'
prog2,213,Mexico,"Progreso, Yuc",SOMX10,01029134,890d,15'
prte,76,South-Africa,Port Elizabeth,SXXX33,12C2E6A2,2634d,15'
prud,151,USA,Prudhoe Bay,web,33611706,15',6'
prud2,151,USA,Prudhoe Bay,SXXX03,33611706,316d,6'
prus,,UK,Portrush,ftp,,38',15'
psan,,Nicaragua,Puerto Sandino,bgan,NI-psan-00,446d,1'
psdn,,Nicaragua,Puerto Sandino,SXXX50,0500F7AE,333d,1h
psjs,,Nicaragua,Puerto San Juan del Sur,bgan,NI-psjs-00,62d,1'
psla,,USA,"Pilots Station East, SW Pass, LA",web,,17',5'
psla2,,USA,"Pilots Station East, SW Pass, LA",SXXX03,336A44D2,13',5'
pslu,,USA,Port San Luis,web,336A07D8,12',6'
pslu2,,USA,Port San Luis,SXXX03,336A07D8,12',6'
PT17,,Italy,Porto Torres,web,,5',5'
ptal,,Chile,Puerto Aldea,SXCH40,ADC1D2AC,10',5'
ptal2,,Chile,Puerto Aldea,web,,10',5'
ptan,,Mexico,Puerto Angel,SOMX10,0100F126,27',30'
ptan2,,Mexico,Puerto Angel,ftp,,20',15'
ptar,,Chile,Punta Arenas,SXCH40,140064EA,11',15'
ptar2,,Chile,Punta Arenas,web,,6',15'
ptbl,38,India,Port Blair,ftp,43332,9',10'
ptca,,Dominican Republic,Punta Cana,SEPO40,354041A2,6',5'
ptch,,Chile,Punta de Choros,SXCH40,ADC01B9A,12',5'
ptfe,,France,Port Ferréol,ftp,,8',5'
ptfe2,,France,Port Ferréol 2,SZFR01,FR0847,2h,6'
ptga,,Trinidad & Tobago,Point Galeota,,,3225d,1h
ptis,,UK,Port Isaac,web,,1',0.1666'
ptln,,France,Port-La-Nouvelle,ftp,,9',5'
ptln2,,France,Port-la-Nouvelle 2,SZFR01,FR0803,14',6'
ptlu,18,Mauritius,Pt.Louis,SXXX32,165B3038,10',6'
ptma,,Malta,Portomaso,ftp,,806d,1'
ptmd,,Dominica island,"Portsmouth, Dominica",SODO10,D6700338,1681d,5'
ptmd2,,Dominica island,"Portsmouth, Dominica",SODO10,6B0025A6,8',5'
ptme,,USA,Portland,SXXX03,335F0668,15',6'
ptmt,,UK,Portsmouth,ftp,,38',15'
ptos,,Brasil,Porto de Santana,SEPO40,B5B00906,378d,5'
ptpl,,Dominican Republic,Puerto Plata,SEPO40,35407438,6',5'
ptpr,209,Haïti,Port au Prince,SEHA10,49A00782,239d,5'
ptpt,,France,"Pointe à Pitre, Guadeloupe",ftp,,6',5'
ptpt2,,France,"Pointe à Pitre, Guadeloupe 2",SZCA01,FR125,16',6'
ptro,210,Jamaica,Port Royal,SOJM10,92405008,770d,5'
ptsc,,Barbados,Port St. Charles,SOBR10,BAB00078,700d,5'
ptsp,203,Trinidad & Tobago,Port of Spain,SOTD10,A9C000B6,20',1h
ptve,,France,Port-Vendres,ftp,,8',5'
ptve2,,France,Port-Vendres2,SZFR01,FR0075,20',6'
puer2,,Mexico,Puerto Vallarta2,SOMX10,0100B22C,12',10'
puert,,Mexico,Puerto Vallarta,ftp,,17',15'
pumo,,Mexico,"Puerto Morelos, Q. R.",ftp,,24',10'
pumo2,,Mexico,Puerto Morelos,SOMX10,010F1446,7',10'
puyt,,New Zealand,Puysegur Welcome Bay,SZNZ01,PUYT,6',3'
pwil,,Chile,Puerto Williams,SXCH40,ADC033A4,5',5'
pwil2,,Chile,Puerto Williams,web,,6',15'
qaqo,344,Denmark,"Qaqortoq, Julianehab",ftp,,6',5'
qcbc,,Canada,Queen Charlotte,SXAK50,CD404E30,5',5'
qing,,China,Qinglan,SZCI01,11742,16',5'
qtro,,Chile,Quintero,SXCH40,ADC2662C,7',5'
qtro2,,Chile,Quintero,web,,7',5'
qtro3,,Chile,Quintero,web,,2142d,5'
quar,77,Hong Kong - China,Quarry Bay,SEHK40,QUARYBAY,8',10'
quel,,Chile,Queule,SXCH40,ADC1E736,6',5'
quel2,,Chile,Queule,web,,9',5'
quepo,167,Costa Rica,Quepos,SEPO40,3540A250,8',5'
quin,75,Viet Nam,Qui Nhon,SZVS40,0650771E,3h,6'
quir,,Chile,Quiriquina,SXCH40,ADC2755A,7',5'
quir2,,Chile,Quiriquina,web,,8',5'
qura,,Oman,Qurayat,SXOM33,1842C770,10',6'
RA10,,Italy,Ravenna,web,,5',5'
rangi,355,France,"Rangiroa Atoll (Tuamotu, French Polynesia)",SEHI40,B1F00280,425d,1h
raro,139,Cook Islands,Rarotonga,SZPS01,65980,6',3'
raro2,139,Cook Islands,Avatiu Rarotonga harbour wharf,SZPS01,65981,3663d,3'
rata,,Sweden,Ratan,web,,53',1h
rbct,,New Zealand,Raoul Island Boat Cove,SZNZ01,RBCT,6',3'
RC09,,Italy,Reggio Calabria,web,,5',5'
reun,17,France,Pointe des Galets (Reunion Island),ftp,,12',5'
reun2,17,France,Pointe des Galets (Reunion Island) 2,SZIO02,FR110,23',15'
reyk,229,Iceland,Reykjavik,ftp,,768d,1h
rfrt,,New Zealand,Raoul Island Fishing Rock,SZNZ01,RFRT,99d,3'
riki,138,France,"Rikitea (Gambier, French Polynesia)",SEPO40,3541F0D6,222d,5'
ring,,Sweden,Ringhals,web,,53',1h
rodr,19,Mauritius,Rodrigues,SXXX32,16590056,8',6'
rorv,234,Norway,Rørvik,web,,33',1h
rosc,,France,Roscoff,ftp,,8',5'
rosc2,,France,Roscoff 2,SZFR01,FR054,5d,6'
rose,,Dominica island,Roseau,SEPO40,354097CA,5',5'
ross,,Australia,Rosslyn Bay,SZAU01,59670,6',3'
rote,,Indonesia,Rote,SXXX32,22E7E6D2,2641d,15'
rothe,342,Antarctica,Rothera,SEMS40,6B000D98,15',15'
rous,,France,Ile Rousse,ftp,,9',5'
rous2,,France,Ile Rousse2,SZFR01,FR0802,18',6'
rtas,,Honduras,Roatan Island Punta Gorda Harbor,SOHO10,50CF45CC,391d,1h
rudn,,Russia,Rudnaya Pristan,web,,24',10'
SA16,,Italy,Salerno,web,,5',5'
sab2,347,Indonesia,Sabang2,bgan,ID-SABA-00,2669d,5'
saba,347,Indonesia,Sabang,SZID45,0650B200,9',6'
sade,,Indonesia,Sadeng,SXXX32,223412A2,2204d,15'
sado,,Japan,Sado,SWJP40,SADO,14',10'
sadp,,Indonesia,Sadeng Port (IDSL),bgan,SADP,3d,1'
sagr,,Portugal,Sagres,bgan,SAGR,299d,1'
sagu,,Spain,Sagunto,ftp,,7',4'
said,,Morocco,Saidia Marina,bgan,SAID,25d,1'
saig,,Japan,Saigo,SWJP40,SAIGO,14',10'
sain,,France,Saint-Nazaire,ftp,,8',5'
sain2,,France,Saint-Nazaire 2,SZFR01,FR037,11',6'
saip,118,USA,Saipan,SWMY40,06506468,11',6'
sala,4,Oman,Salalah,SXXX33,1605C096,8',6'
sali,,Mexico,"Salina Cruz, Oax.",ftp,,17',10'
sali2,,Mexico,"Salina Cruz, Oax.",SOMX10,0103703C,17',5'
salv,334,Brasil,Salvador (Capitania dos Portos da Bahia),SEPA40,354052D4,7',5'
Salv2,334,Brasil,Salvador,SEPO40,B5B014A2,777d,5'
sama,,Colombia,Santa Marta,SEPO40,35419530,8',5'
sams,,Turkey,Samsun,web,,98d,2'
san2,,Spain,Santander,ftp,,8',4'
sana,,Colombia,San Andres,SEPO40,35418646,8',5'
sand,,USA,San Diego,SXXX03,336275EE,12',6'
sanf,177,Chile,San Felix,SXCH40,ADC0A6C6,5',5'
sanf3,,Chile,San Felix,web,,8',5'
sanj,206,USA,San Juan,web,335CA19E,10',6'
sanj2,206,USA,San Juan,SXXX03,335CA19E,10',6'
sano,,Chile,San Antonio,SXCH40,1401F372,8',5'
sano2,,Chile,San Antonio,web,,3',5'
sanp,,Chile,San Pedro,SXCH40,ADC1A43C,510d,5'
sant,,Ecuador,"SantaCruz,Galapagos",SEEQ40,932085F0,7',5'
saot,260,São Tomé & Príncipe,Sao Tome,ftp,,4269d,4h
sapz,,Colombia,Sapzurro,ftp,,9d,5'
sapz2,,Colombia,Sapzurro,SXCO41,15A045F2,55d,5'
sass,,Germany,Sassnitz,web,,9',5'
saum,,Indonesia,Saumlaki,SZID41,06503414,208d,6'
SB36,,Italy,S.Benedetto Del Tronto,web,,5',5'
sbea,157,USA,South Beach,web,3368974E,63d,6'
sbea2,157,USA,South Beach,SXXX03,3368974E,252d,6'
SC43,,Italy,Sciacca,web,,5',5'
scar,,Trinidad & Tobago,Scarborough,SOTD10,A9C0352C,404d,1h
sche,,Netherlands,Scheveningen,web,,13',10'
scoa,,France,Socoa,ftp,,15',4'
scoa2,,France,Socoa2,SZFR01,FR095,11',6'
scor,315,Denmark,"Ittoqqortoormiit, Scoresbysund",ftp,,10',5'
sdom,,Dominican Republic,Santo Domingo/p.San Andres,SXDR40,3341059E,1595d,6'
sdpr,,UK,Sandown Pier,web,,1',0.1666'
sdpt,100,USA,Sand Point,web,33602066,7',6'
sdpt2,100,USA,Sand Point,SXXX03,33602066,7',6'
sebe,,Indonesia,Sebesi Island,bgan,SEBE,24d,1'
sebla,,Indonesia,Seblat,SXXX33,229457FE,2341d,15'
sema,,Indonesia,Semarang,SZID53,,6',15'
sete,,France,Sète,ftp,,8',5'
sete2,,France,Sete 2,SZFR01,FR250,12',6'
setp1,211,Bahamas,Settlement pt,SEPO40,3543234A,7',10'
setu,,Portugal,Setubal,bgan,SETU,494d,1'
sev2,,Spain,Sevilla,ftp,,16',4'
seve,,Russia,Severo Kurilsk,SWRA41,065029B0,3357d,12'
seve2,,Russia,Severo Kurilsk (web),web,,3435d,10'
sewa,150,USA,Seward,web,3362856A,12',6'
sewa2,150,USA,Seward,SXXX03,3362856A,12',6'
shee,,UK,Sheerness,ftp,,38',15'
shek,,Hong Kong - China,Shek Pik,SEHK40,SHEK_PIK,8',10'
shen,,China,Shenzhen,SZCI01,09733,16',5'
sho2,,Chile,Valparaiso Test,SXCH40,,2351d,5'
sian,,Mexico,Sian Ka'an,ftp,,940d,15'
sib2,,Indonesia,Sibolga,bgan,ID-SIBO-00,2957d,5'
sibo,,Indonesia,Sibolga,SZID46,0650BCD2,499d,6'
sile,,Turkey,Sile,web,,5',2'
simp,,Sweden,Simpevarp,web,,53',1h
simr,,Sweden,Simrishamn,web,,53',1h
sino,,Turkey,Sinop,web,,5',2'
sisa,,Mexico,Sisal,ftp,,23h,1d
sitin,268,South-Africa,Simon's Town,SXXX33,22306108,2595d,15'
sitk,154,USA,Sitka,web,33625302,7',6'
sitk2,154,USA,Sitka,SXXX03,336056F6,13',6'
sitt,37,Myanmar,Sittwe,SZBM41,0650C490,20d,6'
sjds,,Nicaragua,Puerto San Juan del Sur,SXXX50,0500A7D2,2319d,1h
skagk,,Sweden,Skagsudde2,web,,53',1h
skan,,Sweden,Skanor,web,,53',1h
slds,,Haïti,St. Louis du Sud,SEHA10,49A00950,7',5'
smag,,Mexico,Sánchez Magallanes,ftp,,21',10'
smag2,,Mexico,Sánchez Magallanes2,SOMX10,010166BE,51',1h
smar,,France,Sainte Marie (Reunion island),ftp,,11',5'
smar2,,France,Sainte Marie (Reunion island) 2,SZIO01,FR832,23',15'
smog,,Sweden,Smogen,web,,57',1h
sobr,,Croatia,Sobra,web,,13',10'
sole,,France,Solenzara,ftp,,8',5'
sole2,,France,Solenzara2,SZFR01,FR0710,11',6'
solo,66,Solomon Islands,Honiara,SZPS01,56670,6',3'
sona,350,Cameroon,Port Sonara,SXXX33,2654900C,3268d,15'
sosu,,Russia,Sosunovo,web,,23',10'
sove,,Russia,Sovetskaja Gavan',web,,24',10'
spik,,Sweden,Spikarna,web,,56',1h
spjy,,Australia,Southport Jetty,SZAU01,61240,6',3'
spmi,,France,"Saint Pierre et Miquelon, Canada",ftp,,6',5'
sprg,56,Australia,Spring Bay,SZAU01,61170,6',3'
sscr,,UK,Second Severn Crossing,web,,1',0.1666'
ST44,,Italy,Strombolicchio,web,,2347d,5'
stan,305,UK,Stanley,SXXX32,269375AE,30',15'
star,,Russia,Starodubskoe,web,,2135d,10'
stari,,Croatia,Stari Grad,web,,13',10'
stcr,,USA,St Croix,web,3365B2C4,12',6'
stcr2,,USA,St Croix,SXXX03,3365B2C4,12',6'
stdpr,,Puerto Rico,"Salinas, Puerto Rico",SXXX03,A4F0022E,8',6'
sten,,Sweden,Stenungsund,web,,53',1h
sthl,264,Saint-Helena,Saint Helena,SXXX32,26F364EA,384d,15'
sthl2,264,Saint-Helena,Saint Helena UK Ruperts Bay,SXXX32,18BC4718,96d,15'
sthm,341,Sweden,Stockholm,web,,53',1h
stjo,223,Canada,St. Johns,web,,5',10'
stlo2,,Sénégal,StLouis,ftp,,1510d,1h
stlu,,Saint Lucia,Ganter's Bay,SOLC10,6B00103C,7',5'
stlu2,,Saint Lucia,Dennery,SOLC10,6B0036D0,10',5'
stlu3,,Saint Lucia,Soufriere,SOLC10,6B003802,7',5'
stlu4,,Saint Lucia,Vieux Fort,SOLC10,6B004040,7',5'
stma,,France,Saint-Malo,ftp,,10',5'
stma2,,France,Saint-Malo 2,SZFR01,FR410,9',6'
stmr,,UK,St Marys,ftp,,38',15'
stmt,,France,Saint Martin Island,SXMF40,12A01F32,788d,5'
stor,238,UK,Stornoway,ftp,,38',15'
stor2,238,UK,Stornoway (tsunami),socket,,1164d,1'
stpa,24,France,Saint-Paul Island,ftp,,72d,1h
stqy,,France,Saint-Quay-Portrieux,ftp,,8',5'
stqy2,,France,Saint-Quay-Portrieux 2,SZFR01,FR0506,14',6'
stro,,Sweden,Stromoren,web,,53',1h
subi,,Philippines,Subic Bay,SXXX33,3226F4BE,22',15'
sumt,,New Zealand,Christchurch,SZNZ01,SUMT,26d,3'
sura,,Indonesia,Surabaya,SZID51,,2h,15'
suro,,Oman,Sur,SXOM33,188263EC,8',6'
swpr,,UK,Swanage Pier,web,,13d,0.1666'
syow,95,Antarctica,Syowa,web,,9h,1h
syro,,Greece,Syros,ftp,,-7',3'
TA18,,Italy,Taranto,web,,5',5'
tako,335,Ghana,Takoradi,SXXX33,26BF75DC,1899d,5'
tala,,Perú,Talara,SEPO40,35414358,8',5'
talc,,Chile,Talcahuano,SXCH40,ADC0C320,8',5'
talc2,,Chile,Talcahuano,web,,6',5'
talt,,Chile,Taltal,SXCH40,ADC02E00,5',5'
talt2,,Chile,Taltal,web,,5',5'
talt3,,Chile,Taltal,web,,1702d,5'
tang,,Sweden,Tangudden GBG Hamn,web,,53',1h
tanjo,44,Singapore,Tanjong Pagar,SZSR01,00044,2646d,18'
tara,113,Kiribati,"Betio,Tarawa",SZPA01,67590,6',6'
tare,,Solomon Islands,Tarekukure Wharf,SZPS01,56363,6',3'
tari,,Spain,Tarifa,ftp,,7',4'
tarr,,Spain,Tarragona,ftp,,8',4'
tasu,,Turkey,Tasucu,web,,5',2'
taut,,New Zealand,Port of Tauranga,SZNZ01,TAUT,6',3'
taza,,Spain,Puerto de Tazacorte (La Palma),bgan,TAZA,2',1'
tbwc,,Australia,Twofold Bay,SZAU01,60531,6',3'
tcgt,,Turks & Caicos Islands,Grand Turk,SOTI10,C7900E46,9',5'
tcsb,,Turks & Caicos Islands,"Sapodilla Bay, Providenciales",SOTI10,C7900094,9',5'
tdcu,266,UK,Tristan da Cunha,SXXX32,26BED7DE,1284d,15'
tela,,Honduras,Tela Harbor,SOHO10,50C45512,1962d,1h
telc,,Mexico,Telchac,ftp,,23h,10'
telu,,Indonesia,Telukdalam,SXXX33,12E3454E,2111d,15'
tema,,Ghana,Tema,ftp,18CAE282,10d,20'
tene,,Spain,Tenerife2,ftp,,7',4'
ters,,Netherlands,Terschelling Noordzee,web,,-2677',10'
tfbc,156,Canada,Tofino,SXAK50,15C3A33C,5',5'
thes,,Greece,Thessaloniki,web,,31',1'
thev,308,Australia,Thevenard,SZAU01,62000,6',3'
thio,,France,Thio,SZNC44,xxxxxxx,5',6'
thul,343,Denmark,"Thule, Pituffik",ftp,,7',5'
tjls,,Indonesia,Tanjung Lesung,SXXX33,,2952d,15'
tkdi,335,Ghana,Takoradi,ftp,180022AA,10d,20'
tn031,,Spain,"Arona, Tenerife",ftp,,4',5'
tnbl,,Indonesia,Tanahbala,SXXX33,12F6B594,2057d,15'
tnpr,,UK,Teignmouth Pier,web,,3005d,0.1666'
toam2,,Madagascar,Toamasina 2,SZIO03,FR041,28d,15'
tobe,,UK,Tobermory,ftp,,38',15'
toco2,,Chile,Tocopilla,web,,4',5'
toco3,,Chile,Tocopilla,web,,9',5'
tofi,156,Canada,Tofino,ftp,,3232d,6h
tort,,British Virgin Islands,Tortola,SOVI10,B110070A,1426d,10'
tosa,,Japan,Tosashimizu,SWJP40,TOSASHIMIZU,14',10'
toul,,France,Toulon,ftp,,8',5'
toul2,,France,Toulon2,SZFR01,FR0680,12',6'
toya,325,Japan,Toyama,SWJP40,TOYAMA,14',10'
TR22,,Italy,Trieste,web,,5',5'
trab,,Turkey,Trabzon,web,,5',2'
treg,321,Norway,Tregde,web,,13',1h
trin,,Sri Lanka,Trincomalee,SXXX33,322952D4,29',15'
trnz,,Netherlands,Terneuzen,web,,13',10'
trst,,Australia,Torres Strait,SZAU01,58170,6',3'
tubua,356,France,Tubuai (Austral Islands - French Polynesia),SEHI40,FFF0073A,18',15'
tuca,,Turks & Caicos Islands,Grand Turk Island,SOTI10,C2D00462,1237d,5'
tudy,,France,Port-Tudy (Groix island),ftp,,8',5'
tumc,,Colombia,Tumaco,ftp,,9d,5'
tumc2,171,Colombia,Tumaco,SXCO41,15AAC2B4,14',15'
tuxp,,Mexico,Tuxpan,ftp,,23',10'
tuxp2,,Mexico,Tuxpan,SOMX10,010136C2,51',1h
UAPO,,Polynésie Française,"Ua Pou (French Polynesia, Marquesas)",SEHI40,B1F011F6,15',15'
udde,,Sweden,Uddevalla,web,,53',1h
ugle,,Russia,Uglegorsk,web,,2135d,10'
ulla,,UK,Ullapool,ftp,,38',15'
upol,,Samoa,Apia Upolu,SZPS01,66840,6',3'
ushu,181,Argentina,Ushuaia,SEPO40,334CE50A,19',15'
util,,Honduras,Utila Island,SOHO10,50CF56BA,2152d,1h
vair,,France,Vairao (Tahiti Island - French Polynesia),SEHI40,FAA022BE,15',15'
vale,,Spain,Valencia,ftp,,7',4'
valp,175,Chile,Valparaiso,SXCH40,ADC01548,9',5'
valp2,175,Chile,Valparaiso,web,,3',5'
valp3,,Chile,Valparaiso,web,,999d,2'
vanu,348,Vanuatu,Port Vila,SZPS01,57320,6',3'
varb,,Sweden,Varberg2,web,,53',1h
vard,323,Norway,Vardø,web,,23',1h
vati,,Fiji Islands,"Vatia, Viti Levu",SZFJ40,91000,98d,6'
VE19,,Italy,Venice,web,,5',5'
vela,,Croatia,Vela Luka,web,,319d,10'
ver1,188,Antarctica,Vernadsky - Faraday,SEMS40,,783d,15'
vera,212,Mexico,"Veracruz, Ver.",ftp,,21',10'
vera2,212,Mexico,"Veracruz, Ver.",SOMX10,0102A4AE,17',15'
verav,31,India,Veeraval,ftp,42910,18',10'
vern,188,Antarctica,Vernadsky - Faraday,SEMS40,3354E632,14',15'
vhbc,,Canada,Vancouver Harbor,SXAK50,CD400D3A,5',5'
VI12,,Italy,Vieste,web,,5',5'
vibc,,Canada,Victoria Harbor,SXAK50,CD405D46,6',5'
vieq,,USA,Vieques,web,335CC478,12',6'
vieq2,,USA,Vieques,SXXX03,335CC478,12',6'
vig2,,Spain,Vigo,ftp,,7',4'
vikew,,Sweden,Viken,web,,53',1h
vil2,,Spain,Villagarcia,ftp,,7',4'
vin2,,Sweden,Vinga2,web,,53',1h
visb,,Sweden,Visby,web,,53',1h
vish,35,India,Visakhapatnam,ftp,43151,12',10'
viti,122,Fiji Islands,Suva Viti Levu,SZPS01,67050,6',3'
vlad,,Russia,Vladivostok,web,,23',10'
vlis,,Netherlands,Vlissingen,web,,-2617',10'
vlrn,,Netherlands,Vlakte v/d Raan,web,,-2587',10'
vodo,,Russia,Vodopadnaya,web,,24',10'
vung,,Viet Nam,Vung Tau,SZVS41,06506ABA,9',6'
vvik,,Sweden,Vastervik,web,,53',1h
waik,346,Indonesia,Waikelo,SXXX33,32A89288,899d,15'
wait,128,New Zealand,"Waitangi,Chatham",SEPS40,9321E2EC,2263d,1h
waka,324,Japan,Wakkanai,SWJP40,WAKKANAI,14',10'
wake,105,USA,Wake,web,,10',6'
wake2,105,USA,Wake,SXXX03,336AC2C6,10',6'
wall,,France,Mata-Utu (Wallis island),SZFW41,0652170C,7',6'
walvi,314,Namibia,Walvis Bay,SXXX33,362856A6,2211d,15'
warn,,Germany,Warnemünde,web,,9',5'
wbhb,,UK,West Bay Harbour,web,,1',0.1666'
weym,,UK,Weymouth,ftp,,38',15'
whbc,,Canada,Winter Harbour,SXAK50,15C385D0,3',5'
whit,,UK,Whitby,ftp,,38',15'
wick,,UK,Wick Harbour,ftp,,38',15'
will,,Curaçao,Willemstad,SEPO40,3541C54C,3115d,5'
wint,,Canada,Winter Harbour,ftp,,3232d,6h
wlgt,101,New Zealand,Wellington,SZNZ01,WLGT,6',3'
wlms,,USA,"Bay Waveland Yacht Club, MS",web,33456542,9',5'
wlms2,,USA,"Bay Waveland Yacht Club, MS",SXXX03,33456542,35d,5'
wood,,USA,"Woods Hole, MA",web,3340A79C,2',5'
wood2,,USA,"Woods Hole, MA",SXXX03,3340A79C,16',5'
work,,UK,Workington,ftp,,38',15'
wpwa,,USA,"Westport, WA",web,33632768,6',6'
wpwa2,,USA,"Westport, WA",SXXX03,33632768,2421d,6'
wuda,,Oman,Khawr Wudam,SXOM33,18539268,13',6'
xish,,China,Xisha,SZCI01,11745,1840d,5'
xmas,146,Kiribati,Christmas,SEPA40,3542F7D8,8',15'
yabu,,USA,"Yabucoa Harbor, PR",SXXX03,3366B5CA,126d,6'
yaku,,USA,Yakutat,web,336B0522,10',6'
yaku2,,USA,Yakutat,SXXX03,336B0522,10',6'
yalo,,Turkey,Yalova,web,,6',2'
yapi,119,Micronesia,Yap Island,SWPA41,065012F8,7',6'
ysta,,Sweden,Ystad2,web,,53',1h
yuzh,90,Russia,Yuzhno-Kuril'sk,web,,3168d,10'
zanz,297,Tanzania,Zanzibar,SXXX33,1605D3E0,10',15'
zhap,78,China,Zhapo,SZCI01,09731,16',1'
zihu,,Mexico,"Zihuatanejo, Gro",ftp,,17',15'
zihu2,,Mexico,Zihuatanejo2,SOMX10,0102D23E,12',10'
zygi,,Cyprus,Zygi,ftp,,2504d,1'
zygi1,,Cyprus,Zygi,bgan,ZYGI1,40d,1'
